City_ID,City,Cloudiness,Country,Date,Humidity,Lat,Lng,Max Temp,Wind Speed,Current Description
0,Brewster,100,US,2022-11-12 05:11:06,93,41.3973,-73.6171,71.01,13.8,overcast clouds
1,Kruisfontein,0,ZA,2022-11-12 05:11:07,63,-34.0033,24.7314,72.23,2.06,clear sky
2,Hermanus,0,ZA,2022-11-12 05:11:07,73,-34.4187,19.2345,60.8,7.67,clear sky
3,Punta Arenas,0,CL,2022-11-12 05:11:07,80,-53.15,-70.9167,33.91,2.3,clear sky
4,La Paz,18,BO,2022-11-12 05:08:48,30,-16.5,-68.15,42.78,2.3,few clouds
5,Upernavik,96,GL,2022-11-12 05:11:08,79,72.7868,-56.1549,11.07,8.39,overcast clouds
6,Aklavik,40,CA,2022-11-12 05:11:08,95,68.2191,-135.0107,4.33,8.03,scattered clouds
7,Sisimiut,81,GL,2022-11-12 05:11:09,88,66.9395,-53.6735,12.9,8.95,broken clouds
8,South Venice,42,US,2022-11-12 05:11:09,97,27.0531,-82.4243,74.98,4.21,scattered clouds
9,Mataura,100,NZ,2022-11-12 05:11:09,43,-46.1927,168.8643,58.48,6.04,overcast clouds
10,Rikitea,99,PF,2022-11-12 05:11:10,87,-23.1203,-134.9692,74.08,15.57,light rain
11,Chernyshevskiy,100,RU,2022-11-12 05:11:10,93,63.0128,112.4714,20.28,13.58,light snow
12,Khatanga,75,RU,2022-11-12 05:11:10,100,71.9667,102.5,-32.06,5.23,broken clouds
13,Bowmore,100,US,2022-11-12 05:11:11,92,34.9421,-79.3031,70.75,14.97,overcast clouds
14,Hilo,100,US,2022-11-12 05:07:57,81,19.7297,-155.09,74.93,16.11,overcast clouds
15,Tasiilaq,100,GL,2022-11-12 05:11:11,69,65.6145,-37.6368,33.96,23.02,overcast clouds
16,Alice Springs,41,AU,2022-11-12 05:10:10,33,-23.7,133.8833,92.75,16.11,scattered clouds
17,Yumen,0,CN,2022-11-12 05:11:11,33,40.2833,97.2,41.2,2.26,clear sky
18,Port Alfred,95,ZA,2022-11-12 05:08:12,89,-33.5906,26.891,70.18,1.01,overcast clouds
19,Rio Grande,0,BR,2022-11-12 05:07:23,93,-32.035,-52.0986,64.2,10.65,clear sky
20,Bonham,0,US,2022-11-12 05:11:12,72,33.5773,-96.1783,40.37,8.05,clear sky
21,Albany,100,US,2022-11-12 05:06:29,94,42.6001,-73.9662,69.67,3.0,overcast clouds
22,Batesville,100,US,2022-11-12 05:11:12,90,35.7698,-91.641,38.84,5.75,moderate rain
23,Namikupa,85,TZ,2022-11-12 05:11:13,67,-10.8333,39.6,77.88,4.81,overcast clouds
24,Busselton,92,AU,2022-11-12 05:11:13,45,-33.65,115.3333,62.96,13.65,overcast clouds
25,Bouafle,72,CI,2022-11-12 05:11:13,93,6.9904,-5.7442,68.97,3.47,broken clouds
26,Kodiak,100,US,2022-11-12 05:11:13,100,57.79,-152.4072,42.31,9.22,mist
27,Ushuaia,0,AR,2022-11-12 05:11:14,75,-54.8,-68.3,37.06,5.75,clear sky
28,Nabire,100,ID,2022-11-12 05:11:14,68,-3.3667,135.4833,84.99,5.3,overcast clouds
29,Tiksi,86,RU,2022-11-12 05:11:15,100,71.6872,128.8694,-17.73,7.38,overcast clouds
30,Kabalo,100,CD,2022-11-12 05:11:15,98,-6.05,26.9167,68.65,1.99,light rain
31,Dvinskoy,95,RU,2022-11-12 05:11:15,90,62.1535,45.1175,42.73,8.55,overcast clouds
32,Mumbwa,93,ZM,2022-11-12 05:11:16,85,-14.9783,27.0619,66.9,4.99,overcast clouds
33,Thompson,49,CA,2022-11-12 05:11:16,100,55.7435,-97.8558,-12.12,2.8,scattered clouds
34,Port Hedland,1,AU,2022-11-12 05:11:16,37,-20.3167,118.5667,89.65,14.97,clear sky
35,Provideniya,0,RU,2022-11-12 05:11:17,72,64.3833,-173.3,15.46,9.91,clear sky
36,Qaanaaq,0,GL,2022-11-12 05:11:17,66,77.484,-69.3632,-3.06,7.54,clear sky
37,Palmer,100,US,2022-11-12 05:11:17,84,42.1584,-72.3287,70.41,12.66,light rain
38,Navahrudak,100,BY,2022-11-12 05:09:12,97,53.6,25.8333,46.2,11.07,overcast clouds
39,Norman Wells,63,CA,2022-11-12 05:11:18,95,65.282,-126.8329,13.26,5.06,broken clouds
40,Kapaa,20,US,2022-11-12 05:11:18,69,22.0752,-159.319,75.18,17.27,few clouds
41,Tuktoyaktuk,67,CA,2022-11-12 05:11:18,93,69.4541,-133.0374,9.05,6.6,broken clouds
42,Hithadhoo,88,MV,2022-11-12 05:11:18,72,-0.6,73.0833,81.97,17.34,overcast clouds
43,Mar Del Plata,75,AR,2022-11-12 05:08:54,95,-38.0023,-57.5575,63.95,11.99,broken clouds
44,Bluff,100,NZ,2022-11-12 05:11:19,66,-46.6,168.3333,58.8,8.77,overcast clouds
45,Semme,42,FR,2022-11-12 05:11:19,80,46.1963,1.5007,54.01,3.78,scattered clouds
46,Kamenka,100,RU,2022-11-12 05:12:19,91,51.3223,42.7678,40.77,11.95,overcast clouds
47,Kaitangata,92,NZ,2022-11-12 05:12:20,61,-46.2817,169.8464,61.9,10.11,overcast clouds
48,Sovetskiy,75,RU,2022-11-12 05:12:20,94,61.3614,63.5842,15.62,6.08,broken clouds
49,Talnakh,36,RU,2022-11-12 05:12:20,96,69.4865,88.3972,-20.79,0.92,scattered clouds
50,Port Elizabeth,0,ZA,2022-11-12 05:09:55,83,-33.918,25.5701,68.29,4.61,clear sky
51,Narsaq,100,GL,2022-11-12 05:12:20,92,60.9167,-46.05,21.42,1.97,overcast clouds
52,Port Augusta,61,AU,2022-11-12 05:12:21,27,-32.5,137.7667,94.95,19.04,broken clouds
53,Sao Filipe,77,CV,2022-11-12 05:12:21,71,14.8961,-24.4956,76.53,3.56,broken clouds
54,Mahebourg,20,MU,2022-11-12 05:12:21,61,-20.4081,57.7,79.25,5.75,few clouds
55,Puerto Ayora,56,EC,2022-11-12 05:12:21,87,-0.7393,-90.3518,68.56,3.0,broken clouds
56,Sabaudia,100,IT,2022-11-12 05:12:22,72,41.3003,13.0282,60.48,4.18,overcast clouds
57,Quimper,75,FR,2022-11-12 05:12:22,100,48.0,-4.1,54.18,10.36,broken clouds
58,Vao,92,NC,2022-11-12 05:12:22,79,-22.6667,167.4833,73.69,19.98,overcast clouds
59,Jalu,100,LY,2022-11-12 05:12:22,47,29.0331,21.5482,64.9,4.29,overcast clouds
60,East London,82,ZA,2022-11-12 05:12:23,81,-33.0153,27.9116,73.02,14.0,broken clouds
61,Severo-Yeniseyskiy,100,RU,2022-11-12 05:12:23,89,60.3725,93.0408,21.24,10.76,overcast clouds
62,Soe,95,ID,2022-11-12 05:12:23,66,-9.8607,124.284,79.02,5.28,overcast clouds
63,San Patricio,100,US,2022-11-12 05:10:33,74,28.017,-97.5169,56.84,20.62,overcast clouds
64,Dubti,9,ET,2022-11-12 05:12:24,61,11.7361,41.0853,76.91,8.52,clear sky
65,Jamestown,100,US,2022-11-12 05:12:24,74,42.097,-79.2353,55.53,12.66,overcast clouds
66,Bambous Virieux,20,MU,2022-11-12 05:12:24,61,-20.3428,57.7575,79.21,5.75,few clouds
67,Brusyliv,100,UA,2022-11-12 05:12:24,92,50.2845,29.5263,42.89,8.7,overcast clouds
68,Amfiklia,89,GR,2022-11-12 05:12:25,84,38.6333,22.5833,50.31,4.88,overcast clouds
69,Codrington,100,AU,2022-11-12 05:12:25,79,-38.2667,141.9667,57.7,13.76,light rain
70,Omsukchan,100,RU,2022-11-12 05:12:25,98,62.5333,155.8,-7.8,2.73,overcast clouds
71,Beloha,9,MG,2022-11-12 05:12:25,57,-25.1667,45.05,81.1,14.54,clear sky
72,Torit,100,SS,2022-11-12 05:12:26,86,4.4133,32.5678,70.99,1.34,light rain
73,Port Lincoln,64,AU,2022-11-12 05:12:26,82,-34.7333,135.8667,66.6,4.23,broken clouds
74,Chokurdakh,87,RU,2022-11-12 05:12:26,100,70.6333,147.9167,-28.35,5.97,overcast clouds
75,Arucas,54,ES,2022-11-12 05:12:26,79,28.1198,-15.5233,65.82,6.31,broken clouds
76,Atuona,11,PF,2022-11-12 05:12:27,78,-9.8,-139.0333,77.34,11.86,few clouds
77,Vigrestad,39,NO,2022-11-12 05:12:27,92,58.5667,5.7,51.96,9.04,scattered clouds
78,Redmond,89,US,2022-11-12 05:12:27,81,47.674,-122.1215,45.88,3.38,overcast clouds
79,Georgiyevskoye,85,RU,2022-11-12 05:12:27,91,58.731,45.024,43.68,9.31,overcast clouds
80,Saint George,0,US,2022-11-12 05:07:41,53,37.1041,-113.5841,42.94,3.44,clear sky
81,Bozdar,0,PK,2022-11-12 05:12:28,28,27.1828,68.636,83.17,3.78,clear sky
82,Panaba,98,MX,2022-11-12 05:12:28,78,21.2833,-88.2667,75.65,5.64,overcast clouds
83,Vaini,20,TO,2022-11-12 05:12:28,78,-21.2,-175.2,82.56,4.61,few clouds
84,Ribeira Grande,75,PT,2022-11-12 05:12:28,68,38.5167,-28.7,64.8,23.02,broken clouds
85,Porto Novo,100,BJ,2022-11-12 05:12:29,90,6.4965,2.6036,76.84,3.24,overcast clouds
86,Cidreira,100,BR,2022-11-12 05:12:29,93,-30.1811,-50.2056,66.56,11.59,overcast clouds
87,Doha,0,QA,2022-11-12 05:12:29,74,25.2867,51.5333,82.38,1.14,clear sky
88,Tautira,93,PF,2022-11-12 05:12:29,85,-17.7333,-149.15,76.03,7.63,moderate rain
89,Bengkulu,99,ID,2022-11-12 05:12:30,73,-3.8004,102.2655,82.74,8.32,overcast clouds
90,Gornyye Klyuchi,100,RU,2022-11-12 05:12:30,98,45.25,133.5,32.94,9.19,snow
91,Cape Town,4,ZA,2022-11-12 05:11:37,69,-33.9258,18.4232,65.12,7.0,clear sky
92,Markova,100,UA,2022-11-12 05:12:30,80,48.6758,24.4138,42.75,3.38,overcast clouds
93,Lethem,27,GY,2022-11-12 05:12:30,84,3.3803,-59.7968,73.99,6.17,scattered clouds
94,Vardo,100,NO,2022-11-12 05:12:31,96,70.3705,31.1107,39.72,12.12,light rain
95,Dikson,75,RU,2022-11-12 05:13:31,100,73.5069,80.5464,-6.52,2.48,broken clouds
96,Rawson,96,AR,2022-11-12 05:13:31,78,-43.3002,-65.1023,55.94,17.6,overcast clouds
97,Los Llanos De Aridane,20,ES,2022-11-12 05:13:31,74,28.6585,-17.9182,64.15,10.0,few clouds
98,Chicama,69,PE,2022-11-12 05:09:50,85,-7.8447,-79.1469,59.54,6.06,broken clouds
99,Estelle,0,US,2022-11-12 05:13:32,82,29.8458,-90.1067,68.0,0.0,mist
100,Vnorovy,100,CZ,2022-11-12 05:13:32,74,48.931,17.3505,43.0,3.6,overcast clouds
101,Gambela,100,ET,2022-11-12 05:13:32,84,8.25,34.5833,72.93,4.0,overcast clouds
102,Lorengau,100,PG,2022-11-12 05:13:32,79,-2.0226,147.2712,82.04,4.07,heavy intensity rain
103,Okha,83,RU,2022-11-12 05:13:33,65,53.5739,142.9478,29.8,8.88,broken clouds
104,Emerald,0,AU,2022-11-12 05:13:33,39,-23.5333,148.1667,89.35,4.79,clear sky
105,Belmonte,53,BR,2022-11-12 05:13:33,86,-15.8631,-38.8828,73.58,4.32,broken clouds
106,Paamiut,100,GL,2022-11-12 05:13:33,94,61.994,-49.6678,27.1,21.54,light snow
107,High Level,100,CA,2022-11-12 05:13:34,100,58.5169,-117.136,15.91,3.44,snow
108,Carnarvon,0,AU,2022-11-12 05:13:34,45,-24.8667,113.6333,70.75,20.45,clear sky
109,Georgetown,20,MY,2022-11-12 05:09:33,75,5.4112,100.3354,87.73,3.44,few clouds
110,Seoul,75,KR,2022-11-12 05:13:06,53,37.5683,126.9778,71.17,10.36,broken clouds
111,Bac Lieu,69,VN,2022-11-12 05:13:34,65,9.285,105.7244,86.16,11.21,broken clouds
112,Avarua,40,CK,2022-11-12 05:13:34,68,-21.2078,-159.775,73.45,11.5,scattered clouds
113,Kolchugino,100,RU,2022-11-12 05:13:35,93,56.3,39.3833,46.6,12.86,overcast clouds
114,Yulara,0,AU,2022-11-12 05:13:35,11,-25.2406,130.9889,98.44,20.71,clear sky
115,Taft,98,IR,2022-11-12 05:13:35,46,31.7471,54.2088,56.66,1.72,overcast clouds
116,Sobolevo,100,RU,2022-11-12 05:13:35,93,54.4299,31.8996,47.03,14.5,overcast clouds
117,Honiara,100,SB,2022-11-12 05:13:36,91,-9.4333,159.95,76.82,2.3,overcast clouds
118,Saskylakh,95,RU,2022-11-12 05:13:36,100,71.9167,114.0833,-26.68,1.9,overcast clouds
119,Puerto Escondido,15,MX,2022-11-12 05:13:36,83,15.85,-97.0667,78.62,3.04,few clouds
120,Shubarkuduk,38,KZ,2022-11-12 05:13:37,77,49.1447,56.4872,34.41,11.18,scattered clouds
121,Saint-Philippe,4,RE,2022-11-12 05:13:37,63,-21.3585,55.7679,80.19,6.69,clear sky
122,Shimoda,29,JP,2022-11-12 05:13:37,70,34.6667,138.95,68.11,6.67,scattered clouds
123,Gornopravdinsk,100,RU,2022-11-12 05:09:46,91,60.05,69.9,31.14,7.49,overcast clouds
124,Duncanville,0,US,2022-11-12 05:13:37,66,32.6518,-96.9083,42.26,11.5,clear sky
125,Pangnirtung,95,CA,2022-11-12 05:13:38,91,66.1451,-65.7125,-5.58,4.81,overcast clouds
126,Bertoua,82,CM,2022-11-12 05:13:38,98,4.5833,13.6833,65.26,1.16,broken clouds
127,Souillac,20,MU,2022-11-12 05:13:38,61,-20.5167,57.5167,77.38,5.75,few clouds
128,San Miguel,60,SV,2022-11-12 05:13:38,98,13.4833,-88.1833,71.46,1.5,broken clouds
129,Tilichiki,100,RU,2022-11-12 05:13:39,87,60.4667,166.1,15.73,8.05,overcast clouds
130,Zhanaozen,15,KZ,2022-11-12 05:13:39,59,43.3,52.8,39.25,9.78,few clouds
131,Copiapo,77,CL,2022-11-12 05:13:39,72,-27.3667,-70.3333,53.29,0.92,broken clouds
132,Nagaur,0,IN,2022-11-12 05:13:39,30,27.2,73.7333,79.32,2.1,clear sky
133,Kaeo,37,NZ,2022-11-12 05:13:40,81,-35.1,173.7833,70.32,10.38,scattered clouds
134,Hobart,20,AU,2022-11-12 05:09:18,56,-42.8794,147.3294,62.28,12.66,few clouds
135,Castro,79,BR,2022-11-12 05:13:40,95,-24.7911,-50.0119,57.96,6.8,broken clouds
136,The Valley,0,AI,2022-11-12 05:13:40,75,18.217,-63.0578,81.1,14.25,clear sky
137,Marica,100,BR,2022-11-12 05:13:40,95,-22.9194,-42.8186,73.31,2.71,light rain
138,Chuy,10,UY,2022-11-12 05:13:41,97,-33.6971,-53.4616,60.03,6.89,clear sky
139,Zabol,3,AF,2022-11-12 05:13:41,54,32.25,67.25,50.34,7.92,clear sky
140,Yar-Sale,93,RU,2022-11-12 05:14:41,98,66.8333,70.8333,-1.46,9.35,overcast clouds
141,Mogadishu,29,SO,2022-11-12 05:10:51,76,2.0371,45.3438,79.95,9.37,scattered clouds
142,Geraldton,1,AU,2022-11-12 05:14:41,32,-28.7667,114.6,70.21,20.71,clear sky
143,Sindhnur,74,IN,2022-11-12 05:14:42,49,15.7833,76.7667,81.46,12.71,broken clouds
144,Gwanda,100,ZW,2022-11-12 05:14:42,87,-20.9333,29.0,67.37,7.81,light rain
145,Erzin,0,TR,2022-11-12 05:14:42,52,36.9559,36.2,61.27,5.53,clear sky
146,Kamina,100,CD,2022-11-12 05:14:42,98,-8.7386,24.9906,63.55,4.52,overcast clouds
147,Denpasar,40,ID,2022-11-12 05:13:52,74,-8.65,115.2167,87.46,6.91,scattered clouds
148,Moose Factory,100,CA,2022-11-12 05:14:43,92,51.2585,-80.6094,26.31,15.93,snow
149,Gboko,82,NG,2022-11-12 05:14:43,84,7.3179,8.9951,74.08,4.25,broken clouds
150,Iwanai,95,JP,2022-11-12 05:14:43,63,42.9744,140.5089,57.18,8.28,overcast clouds
151,Guerrero Negro,79,MX,2022-11-12 05:14:43,58,27.9769,-114.0611,63.91,8.72,broken clouds
152,Malakal,100,SS,2022-11-12 05:14:44,29,9.5334,31.6605,74.07,4.07,overcast clouds
153,Talaya,52,RU,2022-11-12 05:14:44,100,61.3833,152.75,-17.45,1.23,broken clouds
154,Arcata,100,US,2022-11-12 05:14:44,98,40.8665,-124.0828,46.18,0.0,overcast clouds
155,Tripoli,7,LY,2022-11-12 05:14:44,69,32.8752,13.1875,66.61,3.67,clear sky
156,Hami,3,CN,2022-11-12 05:14:45,29,42.8,93.45,43.47,3.78,clear sky
157,Corinth,72,GR,2022-11-12 05:14:45,83,37.9407,22.9573,60.89,6.31,broken clouds
158,Lebu,83,CL,2022-11-12 05:14:45,90,-37.6167,-73.65,52.0,11.39,broken clouds
159,Flinders,35,AU,2022-11-12 05:14:45,71,-34.5833,150.8552,77.18,3.0,light rain
160,Campo Do Brito,39,BR,2022-11-12 05:14:46,98,-10.7333,-37.4933,70.34,2.3,scattered clouds
161,Ponta Delgada,40,PT,2022-11-12 05:14:46,67,37.7333,-25.6667,63.32,13.8,scattered clouds
162,Huarmey,35,PE,2022-11-12 05:14:46,87,-10.0681,-78.1522,63.23,9.57,scattered clouds
163,Cabo San Lucas,77,MX,2022-11-12 05:10:24,75,22.8909,-109.9124,74.52,1.99,broken clouds
164,Asau,9,RO,2022-11-12 05:14:46,80,46.4333,26.4,31.12,3.78,clear sky
165,Manado,40,ID,2022-11-12 05:14:47,89,1.487,124.8455,79.57,1.14,light rain
166,Ponta Do Sol,25,PT,2022-11-12 05:14:47,80,32.6667,-17.1,67.71,3.33,scattered clouds
167,Butaritari,96,KI,2022-11-12 05:14:47,76,3.0707,172.7902,81.66,14.47,overcast clouds
168,Moerai,100,PF,2022-11-12 05:14:47,67,-22.4333,-151.3333,69.31,15.75,overcast clouds
169,Bredasdorp,84,ZA,2022-11-12 05:14:48,68,-34.5322,20.0403,64.54,8.28,broken clouds
170,Camacha,20,PT,2022-11-12 05:14:48,77,33.0833,-16.3333,63.82,4.61,few clouds
171,Atbasar,100,KZ,2022-11-12 05:14:48,97,51.8,68.3333,33.58,19.91,overcast clouds
172,Touros,32,BR,2022-11-12 05:14:48,77,-5.1989,-35.4608,77.49,10.45,scattered clouds
173,Oranjestad,84,AW,2022-11-12 05:11:45,88,12.524,-70.027,80.91,1.01,broken clouds
174,Laguna,0,US,2022-11-12 05:14:49,87,38.421,-121.4238,50.18,0.0,clear sky
175,Marabba,19,SD,2022-11-12 05:14:49,23,12.35,32.1833,74.79,12.48,few clouds
176,Qui Nhon,100,VN,2022-11-12 05:14:49,76,13.7667,109.2333,81.3,12.91,overcast clouds
177,Hammerfest,75,NO,2022-11-12 05:10:59,80,70.6634,23.6821,32.45,3.44,broken clouds
178,Torbay,100,CA,2022-11-12 05:14:49,88,47.6666,-52.7314,37.76,4.61,overcast clouds
179,Te Anau,100,NZ,2022-11-12 05:14:50,44,-45.4167,167.7167,66.83,3.65,overcast clouds
180,Port Blair,81,IN,2022-11-12 05:14:50,67,11.6667,92.75,84.11,13.56,broken clouds
181,Gunnedah,100,AU,2022-11-12 05:14:50,40,-30.9833,150.25,84.31,7.36,overcast clouds
182,Westport,75,US,2022-11-12 05:14:51,88,41.1415,-73.3579,70.3,17.27,broken clouds
183,Adrar,23,MR,2022-11-12 05:14:51,16,20.5022,-10.0711,67.8,10.29,few clouds
184,Yellowknife,100,CA,2022-11-12 05:14:51,89,62.456,-114.3525,24.84,10.85,overcast clouds
185,Barrow,100,US,2022-11-12 05:15:51,85,71.2906,-156.7887,10.42,9.22,overcast clouds
186,Manavalakurichi,93,IN,2022-11-12 05:15:52,72,8.1333,77.3,82.76,9.19,overcast clouds
187,Alofi,34,NU,2022-11-12 05:15:52,88,-19.0595,-169.9187,76.89,6.91,scattered clouds
188,Odienne,18,CI,2022-11-12 05:15:52,43,9.51,-7.5692,68.54,2.48,few clouds
189,Cockburn Town,4,TC,2022-11-12 05:15:53,78,21.4612,-71.1419,81.46,16.82,light rain
190,Pangkalanbuun,100,ID,2022-11-12 05:15:54,55,-2.6833,111.6167,89.76,2.15,overcast clouds
191,Klaksvik,95,FO,2022-11-12 05:15:54,77,62.2266,-6.589,49.12,22.55,overcast clouds
192,Iranshahr,0,IR,2022-11-12 05:15:54,22,27.2025,60.6848,79.14,4.61,clear sky
193,Sitka,75,US,2022-11-12 05:15:54,81,57.0531,-135.33,40.89,8.05,broken clouds
194,Solton,100,RU,2022-11-12 05:15:55,81,52.8429,86.4787,31.93,5.1,light snow
195,Kuching,20,MY,2022-11-12 05:15:55,79,1.55,110.3333,84.42,4.61,few clouds
196,Mandan,20,US,2022-11-12 05:12:16,92,46.8267,-100.8896,1.38,6.91,few clouds
197,New Norfolk,59,AU,2022-11-12 05:15:55,43,-42.7826,147.0587,61.92,1.99,broken clouds
198,Bethel,100,US,2022-11-12 05:15:56,85,41.3712,-73.414,69.89,13.8,overcast clouds
199,Itarema,64,BR,2022-11-12 05:15:56,78,-2.9248,-39.9167,78.15,13.15,broken clouds
200,Beisfjord,100,NO,2022-11-12 05:15:56,99,68.3751,17.5988,41.05,8.48,light rain
201,Arraial Do Cabo,100,BR,2022-11-12 05:15:56,95,-22.9661,-42.0278,72.64,13.85,light rain
202,Saint-Pierre,0,RE,2022-11-12 05:15:57,61,-21.3393,55.4781,81.91,12.66,clear sky
203,Namatanai,96,PG,2022-11-12 05:15:57,77,-3.6667,152.4333,82.11,8.25,light rain
204,Tomatlan,1,MX,2022-11-12 05:15:57,95,19.9333,-105.25,68.27,3.06,clear sky
205,Victoria,54,HK,2022-11-12 05:13:58,76,22.2855,114.1577,84.18,4.0,broken clouds
206,Ulladulla,59,AU,2022-11-12 05:15:57,79,-35.35,150.4667,67.59,7.45,heavy intensity rain
207,Half Moon Bay,0,US,2022-11-12 05:15:58,74,37.4636,-122.4286,52.99,8.05,clear sky
208,Luderitz,18,NA,2022-11-12 05:15:58,79,-26.6481,15.1594,57.87,5.14,few clouds
209,Lagos,46,NG,2022-11-12 05:13:58,94,6.5833,3.75,75.92,1.52,scattered clouds
210,Ontario,20,US,2022-11-12 05:15:59,44,34.0633,-117.6509,57.65,4.61,few clouds
211,Plettenberg Bay,13,ZA,2022-11-12 05:15:59,85,-34.0527,23.3716,65.86,6.62,few clouds
212,Banff,96,CA,2022-11-12 05:15:40,79,51.1762,-115.5698,18.63,5.75,overcast clouds
213,Karmala,42,IN,2022-11-12 05:15:59,37,18.4167,75.2,81.0,15.82,scattered clouds
214,Altamont,100,US,2022-11-12 05:14:37,86,42.2068,-121.7372,33.64,1.99,overcast clouds
215,Saldanha,62,ZA,2022-11-12 05:12:17,78,-33.0117,17.9442,63.21,14.03,broken clouds
216,Cherskiy,100,RU,2022-11-12 05:15:59,98,68.75,161.3,-19.35,2.75,overcast clouds
217,Nikolskoye,100,RU,2022-11-12 05:16:00,90,59.7035,30.7861,53.49,11.99,overcast clouds
218,Kitimat,100,CA,2022-11-12 05:16:00,97,54.0524,-128.6534,32.38,2.39,overcast clouds
219,Saint-Augustin,100,CA,2022-11-12 05:16:00,41,51.226,-58.6502,28.49,6.53,overcast clouds
220,Mount Isa,100,AU,2022-11-12 05:16:00,61,-20.7333,139.5,82.17,10.36,overcast clouds
221,Lucea,91,JM,2022-11-12 05:16:01,80,18.451,-78.1736,76.86,2.98,light rain
222,Olivehurst,0,US,2022-11-12 05:16:01,88,39.0955,-121.5522,51.33,5.75,mist
223,Betsiamites,100,CA,2022-11-12 05:16:01,95,48.9413,-68.646,39.6,21.36,overcast clouds
224,Marystown,100,CA,2022-11-12 05:16:01,100,47.1666,-55.1483,42.85,9.98,overcast clouds
225,Haimen,35,CN,2022-11-12 05:16:02,74,23.1935,116.6142,85.89,8.32,scattered clouds
226,Airai,88,TL,2022-11-12 05:16:02,70,-8.9266,125.4092,71.8,1.39,overcast clouds
227,Carmo Do Paranaiba,67,BR,2022-11-12 05:16:03,92,-19.0008,-46.3161,63.75,3.94,broken clouds
228,Hasaki,14,JP,2022-11-12 05:17:03,61,35.7333,140.8333,75.29,5.14,few clouds
229,Esperance,80,AU,2022-11-12 05:17:03,71,-33.8667,121.9,62.44,18.39,broken clouds
230,Camana,53,PE,2022-11-12 05:17:04,85,-16.6228,-72.7111,65.25,7.38,broken clouds
231,Lavrentiya,5,RU,2022-11-12 05:17:04,79,65.5833,-171.0,16.75,10.07,clear sky
232,Eirunepe,100,BR,2022-11-12 05:17:05,89,-6.6603,-69.8736,75.15,3.69,overcast clouds
233,Itigi,63,TZ,2022-11-12 05:17:05,58,-5.7,34.4833,71.1,9.48,broken clouds
234,Isaka,94,TZ,2022-11-12 05:17:06,74,-3.9,32.9333,69.42,5.26,light rain
235,Cranbrook,75,CA,2022-11-12 05:15:56,73,49.4999,-115.7688,21.04,4.61,broken clouds
236,Grand Gaube,35,MU,2022-11-12 05:17:07,56,-20.0064,57.6608,79.38,8.99,scattered clouds
237,Constitucion,98,CL,2022-11-12 05:17:07,94,-35.3333,-72.4167,54.81,11.21,overcast clouds
238,Januaria,89,BR,2022-11-12 05:17:08,96,-15.4833,-44.3667,68.49,1.72,light rain
239,Homer,40,US,2022-11-12 05:17:08,78,59.6425,-151.5483,43.03,5.01,scattered clouds
240,Ancud,100,CL,2022-11-12 05:17:08,97,-41.8697,-73.8203,51.26,4.74,overcast clouds
241,Eureka,79,US,2022-11-12 05:13:21,98,40.8021,-124.1637,46.18,3.47,broken clouds
242,Vung Tau,98,VN,2022-11-12 05:17:09,67,10.346,107.0843,83.73,4.38,overcast clouds
243,La Palma,0,US,2022-11-12 05:17:09,49,33.8464,-118.0467,61.93,4.61,clear sky
244,Launceston,75,AU,2022-11-12 05:17:09,56,-41.45,147.1667,66.61,14.97,broken clouds
245,Iqaluit,100,CA,2022-11-12 05:17:10,84,63.7506,-68.5145,6.53,2.3,light snow
246,Uvat,100,RU,2022-11-12 05:17:10,98,59.1433,68.8953,32.49,5.26,overcast clouds
247,Lompoc,0,US,2022-11-12 05:17:10,95,34.6391,-120.4579,48.58,4.61,clear sky
248,Kangavar,100,IR,2022-11-12 05:17:10,65,34.5043,47.9653,52.45,1.28,overcast clouds
249,Grand-Lahou,99,CI,2022-11-12 05:17:11,89,5.1367,-5.0242,77.05,5.82,light rain
250,Lagoa,69,PT,2022-11-12 05:17:12,75,39.05,-27.9833,62.85,28.88,broken clouds
251,Longyearbyen,0,SJ,2022-11-12 05:17:12,86,78.2186,15.6401,15.64,3.44,clear sky
252,Pisco,40,PE,2022-11-12 05:17:12,82,-13.7,-76.2167,61.02,2.3,scattered clouds
253,Sabang,100,ID,2022-11-12 05:17:13,81,5.8933,95.3214,79.12,10.49,overcast clouds
254,Neepawa,91,CA,2022-11-12 05:17:13,94,50.2289,-99.4664,5.4,5.57,overcast clouds
255,Yerbogachen,100,RU,2022-11-12 05:17:13,87,61.2767,108.0108,23.52,16.84,overcast clouds
256,Kalanguy,6,RU,2022-11-12 05:17:14,78,51.0167,116.5167,18.09,3.27,clear sky
257,Liverpool,1,GB,2022-11-12 05:15:41,93,53.4106,-2.9779,53.53,7.0,clear sky
258,Qasigiannguit,67,GL,2022-11-12 05:17:14,92,68.8193,-51.1922,10.65,5.14,broken clouds
259,Baruun-Urt,5,MN,2022-11-12 05:17:14,40,46.6806,113.2792,27.09,9.08,clear sky
260,Hazro,0,PK,2022-11-12 05:17:15,29,33.9091,72.4921,63.28,3.94,clear sky
261,Ust-Karsk,5,RU,2022-11-12 05:17:15,52,52.7011,118.8077,25.77,4.07,clear sky
262,Sorong,100,ID,2022-11-12 05:17:15,72,-0.8833,131.25,83.57,1.77,overcast clouds
263,Ejido,74,VE,2022-11-12 05:17:15,94,8.5514,-71.2375,65.95,2.08,broken clouds
264,Anton Lizardo,0,MX,2022-11-12 05:17:16,81,19.05,-95.9833,75.42,7.38,clear sky
265,Shimanovsk,3,RU,2022-11-12 05:17:16,55,52.0,127.7,26.38,7.96,clear sky
266,Thinadhoo,90,MV,2022-11-12 05:17:16,77,0.5333,72.9333,81.97,16.08,overcast clouds
267,Bandarbeyla,90,SO,2022-11-12 05:17:18,73,9.4942,50.8122,80.73,15.41,overcast clouds
268,Oum Hadjer,12,TD,2022-11-12 05:17:18,28,13.2954,19.6966,73.96,8.93,few clouds
269,Buzmeyin,40,TM,2022-11-12 05:17:19,70,38.0507,58.2056,40.73,2.3,scattered clouds
270,Felanitx,13,ES,2022-11-12 05:17:19,87,39.4696,3.1483,67.95,9.62,few clouds
271,Brae,76,GB,2022-11-12 05:17:19,89,60.3964,-1.353,52.05,15.82,broken clouds
272,Lata,0,PT,2022-11-12 05:17:20,84,40.1629,-8.3327,50.07,4.97,clear sky
273,Chipinge,84,ZW,2022-11-12 05:17:20,83,-20.1883,32.6236,66.38,3.89,broken clouds
274,Raymond,100,US,2022-11-12 05:17:20,95,43.9015,-70.4703,63.41,9.73,overcast clouds
275,Faya,1,SA,2022-11-12 05:17:20,50,18.3851,42.4509,60.91,2.64,clear sky
276,Linfen,100,CN,2022-11-12 05:18:21,35,36.0889,111.5189,54.43,7.85,overcast clouds
277,Megion,100,RU,2022-11-12 05:18:21,96,61.0296,76.1136,30.22,12.68,light snow
278,Murdochville,100,CA,2022-11-12 05:13:41,97,48.9583,-65.5006,30.54,6.93,overcast clouds
279,Voskresenskoye,100,RU,2022-11-12 05:18:21,91,56.8381,45.4317,44.58,12.35,overcast clouds
280,Costa Rica,30,BR,2022-11-12 05:18:07,86,-23.4167,-54.65,65.84,6.49,scattered clouds
281,Sao Felix Do Xingu,49,BR,2022-11-12 05:18:22,62,-6.6447,-51.995,76.59,0.47,scattered clouds
282,Goderich,100,CA,2022-11-12 05:18:22,81,43.7501,-81.7165,48.9,16.11,overcast clouds
283,Saurimo,100,AO,2022-11-12 05:18:22,97,-9.6608,20.3916,64.08,3.53,overcast clouds
284,Kalabo,99,ZM,2022-11-12 05:18:22,84,-14.97,22.6814,68.18,5.5,overcast clouds
285,Clyde River,100,CA,2022-11-12 05:18:23,78,70.4692,-68.5914,3.43,10.36,light snow
286,Zhaoyuan,100,CN,2022-11-12 05:18:23,91,37.3592,120.3964,49.78,21.09,overcast clouds
287,Leshan,100,CN,2022-11-12 05:18:23,65,29.5623,103.7639,58.73,3.76,overcast clouds
288,Port-Gentil,100,GA,2022-11-12 05:18:23,94,-0.7193,8.7815,78.76,5.75,overcast clouds
289,Neuquen,75,AR,2022-11-12 05:18:24,82,-38.9516,-68.0591,57.09,3.44,broken clouds
290,Arinos,37,BR,2022-11-12 05:18:24,94,-15.9169,-46.1056,68.99,1.3,scattered clouds
291,Zhigansk,100,RU,2022-11-12 05:18:24,97,66.7697,123.3711,-10.91,15.57,light snow
292,Bud,62,US,2022-11-12 05:18:24,45,39.447,-86.1758,37.74,10.6,broken clouds
293,Lazaro Cardenas,45,MX,2022-11-12 05:18:25,87,17.9583,-102.2,77.0,3.71,scattered clouds
294,Biak,98,ID,2022-11-12 05:18:25,69,-0.9131,122.8766,84.92,2.06,overcast clouds
295,Karratha,0,AU,2022-11-12 05:18:25,26,-20.7377,116.8463,86.52,16.22,clear sky
296,Sur,1,OM,2022-11-12 05:18:25,51,22.5667,59.5289,82.13,4.12,clear sky
297,Bathsheba,40,BB,2022-11-12 05:18:26,83,13.2167,-59.5167,81.21,11.5,scattered clouds
298,Ambovombe,18,MG,2022-11-12 05:18:26,70,-25.1667,46.0833,78.13,11.61,few clouds
299,Srednebelaya,6,RU,2022-11-12 05:18:26,70,50.6594,128.0106,25.18,7.67,clear sky
300,Srednekolymsk,100,RU,2022-11-12 05:18:27,98,67.45,153.6833,-14.8,4.18,overcast clouds
301,Severo-Kurilsk,98,RU,2022-11-12 05:18:27,64,50.6789,156.125,35.51,20.38,overcast clouds
302,Moussoro,84,TD,2022-11-12 05:18:27,25,13.6408,16.4901,73.98,12.77,broken clouds
303,Tavda,100,RU,2022-11-12 05:18:27,100,58.0425,65.2726,34.57,3.38,overcast clouds
304,Karak,0,JO,2022-11-12 05:18:28,59,31.1667,35.75,55.47,4.05,clear sky
305,Hvide Sande,68,DK,2022-11-12 05:18:28,93,56.0045,8.1294,55.99,16.04,broken clouds
306,Fortuna,91,US,2022-11-12 05:17:22,58,40.5982,-124.1573,45.91,2.19,overcast clouds
307,Nova Odesa,33,UA,2022-11-12 05:18:28,93,47.3078,31.7851,42.3,4.27,scattered clouds
308,Lyubech,100,UA,2022-11-12 05:18:28,95,51.7026,30.6569,42.73,8.95,overcast clouds
309,Callaway,100,US,2022-11-12 05:18:29,86,30.153,-85.5699,71.98,6.91,overcast clouds
310,Tarakan,20,ID,2022-11-12 05:18:29,79,3.3,117.6333,85.5,3.44,few clouds
311,Ariquemes,98,BR,2022-11-12 05:18:29,99,-9.9133,-63.0408,71.94,2.17,overcast clouds
312,Mayo,100,US,2022-11-12 05:18:30,95,38.8876,-76.5119,72.07,17.27,overcast clouds
313,Najran,0,SA,2022-11-12 05:14:23,34,17.4924,44.1277,66.52,2.82,clear sky
314,Turochak,100,RU,2022-11-12 05:18:30,69,52.2576,87.1224,34.56,2.77,overcast clouds
315,Sao Miguel Do Araguaia,72,BR,2022-11-12 05:18:30,74,-13.275,-50.1628,74.17,4.18,broken clouds
316,Lasa,100,IT,2022-11-12 05:18:30,44,46.6166,10.7002,47.28,1.68,overcast clouds
317,Hofn,100,IS,2022-11-12 05:18:31,91,64.2539,-15.2082,44.04,5.79,overcast clouds
318,Vila Franca Do Campo,4,PT,2022-11-12 05:18:31,77,37.7167,-25.4333,63.01,10.16,clear sky
319,Rio De Janeiro,100,BR,2022-11-12 05:18:29,90,-22.9028,-43.2075,73.94,10.36,light rain
320,Husavik,99,IS,2022-11-12 05:18:31,90,66.0449,-17.3389,38.75,5.66,overcast clouds
321,Rafaela,80,AR,2022-11-12 05:19:31,46,-31.2503,-61.4867,70.99,1.01,broken clouds
322,Portland,100,US,2022-11-12 05:16:59,71,45.5234,-122.6762,44.53,13.8,overcast clouds
323,Shizunai,37,JP,2022-11-12 05:19:32,60,42.3339,142.3669,54.64,6.58,scattered clouds
324,Rapid Valley,0,US,2022-11-12 05:16:48,81,44.0625,-103.1463,16.14,7.0,clear sky
325,Pierre,100,US,2022-11-12 05:19:32,85,44.3683,-100.351,13.12,8.05,overcast clouds
326,Korla,35,CN,2022-11-12 05:19:32,38,41.7597,86.1469,43.18,4.56,scattered clouds
327,Faanui,79,PF,2022-11-12 05:19:33,78,-16.4833,-151.75,77.86,7.29,light rain
328,Ostrovnoy,100,RU,2022-11-12 05:19:33,98,68.0531,39.5131,35.96,10.89,light rain
329,Meulaboh,100,ID,2022-11-12 05:19:33,84,4.1363,96.1285,78.57,1.86,overcast clouds
330,Chifeng,96,CN,2022-11-12 05:19:33,71,42.2683,118.9636,31.48,16.53,overcast clouds
331,Beringovskiy,49,RU,2022-11-12 05:19:34,96,63.05,179.3167,7.79,14.23,scattered clouds
332,Aliwal North,99,ZA,2022-11-12 05:19:34,71,-30.6937,26.7114,62.85,8.79,overcast clouds
333,Coihaique,0,CL,2022-11-12 05:19:34,93,-45.5752,-72.0662,48.81,2.3,clear sky
334,Nicoya,97,CR,2022-11-12 05:19:34,95,10.1483,-85.452,72.07,1.34,overcast clouds
335,Chimbarongo,100,CL,2022-11-12 05:19:35,77,-34.7,-71.05,56.28,0.94,overcast clouds
336,Banyo,82,CM,2022-11-12 05:19:35,63,6.75,11.8167,63.84,1.81,broken clouds
337,Mehamn,100,NO,2022-11-12 05:19:35,93,71.0357,27.8492,37.31,3.44,light rain
338,Sal Rei,22,CV,2022-11-12 05:19:35,77,16.1833,-22.9167,75.22,10.96,few clouds
339,Drexel Heights,0,US,2022-11-12 05:19:36,35,32.1412,-111.0284,55.51,5.75,clear sky
340,Bowen,0,AU,2022-11-12 05:19:36,59,-20.0167,148.2333,79.75,11.83,clear sky
341,Fare,98,PF,2022-11-12 05:19:36,76,-16.7,-151.0167,78.19,6.17,light rain
342,Pitimbu,18,BR,2022-11-12 05:19:37,84,-7.4706,-34.8086,75.79,7.58,few clouds
343,Martapura,40,ID,2022-11-12 05:19:37,84,-3.4167,114.85,84.29,3.44,moderate rain
344,Houma,75,US,2022-11-12 05:15:44,99,29.5958,-90.7195,61.0,0.0,broken clouds
345,Bograd,99,RU,2022-11-12 05:19:37,56,54.2344,90.8328,33.64,8.19,overcast clouds
346,Quatre Cocos,47,MU,2022-11-12 05:19:37,61,-20.2078,57.7625,79.09,9.86,scattered clouds
347,Northam,5,GB,2022-11-12 05:19:38,93,51.0333,-4.2167,51.39,9.62,clear sky
348,Kavaratti,100,IN,2022-11-12 05:19:38,58,10.5669,72.642,82.56,5.35,overcast clouds
349,Ginda,0,IN,2022-11-12 05:19:38,28,30.6945,78.4932,59.59,5.14,clear sky
350,Sukumo,48,JP,2022-11-12 05:19:38,61,32.9333,132.7333,71.98,7.11,scattered clouds
351,Cayenne,20,GF,2022-11-12 05:19:39,100,4.9333,-52.3333,75.24,0.0,few clouds
352,Luena,100,AO,2022-11-12 05:19:39,95,-11.7833,19.9167,62.47,3.36,light rain
353,Itoman,75,JP,2022-11-12 05:19:39,92,26.1247,127.6694,78.82,17.27,light intensity shower rain
354,Marfino,100,RU,2022-11-12 05:19:40,97,55.7028,37.3822,48.34,17.9,overcast clouds
355,Canton,0,CN,2022-11-12 05:19:39,39,23.1167,113.25,85.95,1.03,clear sky
356,Bantul,93,ID,2022-11-12 05:19:40,68,-7.8881,110.3289,85.19,6.93,overcast clouds
357,Edd,6,ER,2022-11-12 05:16:17,33,13.9297,41.6925,85.89,13.85,clear sky
358,Taloqan,100,AF,2022-11-12 05:19:40,50,36.7361,69.5345,51.98,1.63,overcast clouds
359,Mackay,0,AU,2022-11-12 05:19:40,61,-21.15,149.2,85.68,10.58,clear sky
360,Milos,60,GR,2022-11-12 05:19:41,68,36.75,24.4333,61.92,21.56,broken clouds
361,Vanimo,81,PG,2022-11-12 05:19:41,77,-2.6741,141.3028,84.25,7.94,broken clouds
362,Kavieng,100,PG,2022-11-12 05:19:41,74,-2.5744,150.7967,82.9,5.3,moderate rain
363,Guatire,99,VE,2022-11-12 05:19:41,98,10.4762,-66.5427,77.2,1.39,overcast clouds
364,Mucurapo,77,TT,2022-11-12 05:19:42,88,10.6667,-61.5333,77.25,4.76,broken clouds
365,Acapulco,20,MX,2022-11-12 05:19:42,89,16.8634,-99.8901,78.62,3.44,few clouds
366,Buritizeiro,96,BR,2022-11-12 05:19:42,90,-17.3511,-44.9622,70.77,4.34,overcast clouds
367,Mutis,100,CO,2022-11-12 05:20:42,90,6.2262,-77.4044,75.94,2.86,light rain
368,Ushtobe,85,KZ,2022-11-12 05:20:43,51,45.2514,77.9838,43.39,15.37,overcast clouds
369,Pespire,41,HN,2022-11-12 05:20:43,95,13.5922,-87.3617,71.64,3.0,scattered clouds
370,Fort Nelson,20,CA,2022-11-12 05:20:43,94,58.8053,-122.7002,8.19,2.3,few clouds
371,Talara,100,PE,2022-11-12 05:20:43,84,-4.5772,-81.2719,63.43,14.0,overcast clouds
372,Nioro,77,GM,2022-11-12 05:18:11,64,13.35,-15.75,70.83,5.44,broken clouds
373,San Carlos De Bariloche,40,AR,2022-11-12 05:20:44,87,-41.1456,-71.3082,44.35,2.3,scattered clouds
374,Asfi,4,MA,2022-11-12 05:20:44,67,32.2994,-9.2372,65.14,0.96,clear sky
375,Umm Lajj,2,SA,2022-11-12 05:20:44,56,25.0213,37.2685,76.95,6.62,clear sky
376,Dunedin,40,NZ,2022-11-12 05:20:44,81,-45.8742,170.5036,57.79,7.0,scattered clouds
377,Kisangani,100,CD,2022-11-12 05:20:45,100,0.5167,25.2,67.84,0.29,light rain
378,Atherton,35,GB,2022-11-12 05:20:45,90,53.5237,-2.4935,53.89,4.0,scattered clouds
379,Ngerengere,78,TZ,2022-11-12 05:20:45,74,-6.75,38.1167,77.61,3.0,broken clouds
380,Baraki Barak,0,AF,2022-11-12 05:20:46,38,33.9675,68.9486,48.56,1.97,clear sky
381,Tupik,3,RU,2022-11-12 05:20:46,69,54.4253,119.9327,19.29,3.18,clear sky
382,Romanovskaya,43,RU,2022-11-12 05:20:46,87,47.5426,42.0285,40.19,3.38,scattered clouds
383,Kalininsk,100,RU,2022-11-12 05:20:46,91,51.5,44.4758,40.24,14.29,overcast clouds
384,Presidencia Roque Saenz Pena,96,AR,2022-11-12 05:20:47,75,-26.7852,-60.4388,71.02,4.29,overcast clouds
385,Coahuayana,58,MX,2022-11-12 05:20:47,89,18.7333,-103.6833,74.75,1.12,broken clouds
386,Komsomolskiy,100,UZ,2022-11-12 05:20:47,87,40.4272,71.7189,38.12,4.61,fog
387,Harper,100,LR,2022-11-12 05:20:47,87,4.375,-7.7169,76.73,5.28,light rain
388,Mantua,100,IT,2022-11-12 05:20:48,89,45.1667,10.7833,48.06,5.01,overcast clouds
389,San Borja,66,BO,2022-11-12 05:20:48,72,-14.8167,-66.85,75.99,2.68,broken clouds
390,Dawson Creek,0,CA,2022-11-12 05:20:48,69,55.7666,-120.2362,31.64,9.22,clear sky
391,Krasnoselkup,8,RU,2022-11-12 05:20:48,97,65.7,82.4667,-15.45,5.53,clear sky
392,Fairbanks,100,US,2022-11-12 05:20:39,92,64.8378,-147.7164,25.61,3.44,overcast clouds
393,San Ignacio,0,BZ,2022-11-12 05:20:49,94,17.1561,-89.0714,73.54,0.0,clear sky
394,Nantucket,100,US,2022-11-12 05:20:13,98,41.2835,-70.0995,66.34,25.32,moderate rain
395,Sambava,7,MG,2022-11-12 05:20:49,60,-14.2667,50.1667,78.08,8.08,clear sky
396,Singkawang,100,ID,2022-11-12 05:20:49,77,0.9,109.0,81.52,0.49,overcast clouds
397,Shenkursk,87,RU,2022-11-12 05:20:49,86,62.1091,42.896,43.27,9.06,overcast clouds
398,Prince Rupert,100,CA,2022-11-12 05:20:50,96,54.3161,-130.3201,40.69,6.91,mist
399,Camanducaia,100,BR,2022-11-12 05:20:50,96,-22.7553,-46.1447,61.63,3.74,overcast clouds
400,Moron,80,AR,2022-11-12 05:20:50,73,-34.6534,-58.6198,73.96,6.2,moderate rain
401,Xique-Xique,65,BR,2022-11-12 05:20:50,66,-10.8218,-42.7263,77.94,9.24,broken clouds
402,Yeppoon,0,AU,2022-11-12 05:20:51,52,-23.1333,150.7333,85.78,11.07,clear sky
403,Kungurtug,99,RU,2022-11-12 05:20:51,58,50.5994,97.5228,21.06,0.81,overcast clouds
404,La Baule-Escoublac,33,FR,2022-11-12 05:20:51,96,47.2922,-2.364,52.72,9.22,scattered clouds
405,Itaituba,57,BR,2022-11-12 05:20:51,67,-4.2761,-55.9836,72.95,0.63,broken clouds
406,Olinda,75,BR,2022-11-12 05:20:52,78,-8.0089,-34.8553,78.53,5.75,broken clouds
407,Zverinogolovskoye,100,RU,2022-11-12 05:20:52,98,54.4586,64.8542,34.45,13.6,light snow
408,Bubaque,93,GW,2022-11-12 05:20:52,64,11.2833,-15.8333,82.35,9.8,overcast clouds
409,Gevrai,31,IN,2022-11-12 05:20:52,43,19.2667,75.75,79.86,10.42,scattered clouds
410,Dataganj,0,IN,2022-11-12 05:20:53,35,28.0333,79.4,74.53,9.78,clear sky
411,Soc Trang,69,VN,2022-11-12 05:20:53,61,9.6033,105.98,87.6,8.05,broken clouds
412,San Cristobal,96,VE,2022-11-12 05:20:53,97,7.7669,-72.225,69.98,2.35,overcast clouds
413,Arman,4,RU,2022-11-12 05:20:53,79,59.7,150.1667,1.42,5.86,clear sky
414,Beidao,94,CN,2022-11-12 05:20:54,62,34.5686,105.8933,46.29,5.39,overcast clouds
415,Svetlyy,100,RU,2022-11-12 05:20:54,85,54.675,20.1347,53.65,14.88,overcast clouds
416,Sidi Ali,2,DZ,2022-11-12 05:21:54,55,36.0998,0.4206,62.76,14.12,clear sky
417,Hazleton,100,US,2022-11-12 05:21:54,90,40.9584,-75.9746,67.03,11.5,overcast clouds
418,Rocha,42,UY,2022-11-12 05:21:55,98,-34.4833,-54.3333,56.53,6.42,scattered clouds
419,Ndago,39,TZ,2022-11-12 05:21:55,58,-4.6,34.35,70.86,6.71,scattered clouds
420,Conde,20,BR,2022-11-12 05:21:55,100,-7.2597,-34.9075,74.66,2.3,few clouds
421,Manyana,100,BW,2022-11-12 05:21:55,86,-23.4,21.7167,66.06,12.26,light rain
422,Sola,100,VU,2022-11-12 05:21:56,94,-13.8833,167.55,77.67,0.0,moderate rain
423,San Felipe,99,VE,2022-11-12 05:21:56,98,10.3399,-68.7425,71.91,0.92,overcast clouds
424,Tabuk,2,PH,2022-11-12 05:21:56,64,17.4189,121.4443,87.53,2.46,clear sky
425,Boa Vista,20,BR,2022-11-12 05:21:57,83,2.8197,-60.6733,76.98,3.44,few clouds
426,Phulabani,68,IN,2022-11-12 05:21:57,49,20.4667,84.2333,77.95,5.46,broken clouds
427,Eyl,25,SO,2022-11-12 05:21:57,67,7.9803,49.8164,81.25,16.26,scattered clouds
428,Opuwo,17,NA,2022-11-12 05:21:21,34,-18.0607,13.84,60.04,0.98,few clouds
429,Bereda,0,ES,2022-11-12 05:21:57,85,43.2686,-7.5406,45.57,0.92,clear sky
430,Birao,16,CF,2022-11-12 05:21:58,35,10.2849,22.7882,67.95,6.89,few clouds
431,Nizwa,0,OM,2022-11-12 05:21:58,41,22.9333,57.5333,78.69,1.36,clear sky
432,Cordoba,75,AR,2022-11-12 05:21:27,93,-31.4135,-64.1811,62.76,6.91,moderate rain
433,Hervey Bay,16,AU,2022-11-12 05:21:58,60,-25.2986,152.8535,74.05,14.29,few clouds
434,Anadyr,20,RU,2022-11-12 05:21:58,75,64.75,177.4833,-16.01,13.42,few clouds
435,Zakamensk,72,RU,2022-11-12 05:21:59,57,50.3741,103.2863,25.11,3.09,broken clouds
436,Dubbo,100,AU,2022-11-12 05:21:59,45,-32.25,148.6167,84.33,12.66,overcast clouds
437,Olafsvik,100,IS,2022-11-12 05:21:59,90,64.8945,-23.7142,41.77,14.5,overcast clouds
438,Merauke,73,ID,2022-11-12 05:21:59,65,-8.4667,140.3333,86.54,14.16,broken clouds
439,Banda Aceh,100,ID,2022-11-12 05:22:00,85,5.5577,95.3222,78.3,5.39,light rain
440,Dovolnoye,99,RU,2022-11-12 05:22:00,96,54.4958,79.6671,29.57,16.44,light snow
441,Lixourion,82,GR,2022-11-12 05:22:00,77,38.2019,20.4314,61.79,6.87,broken clouds
442,Ust-Omchug,58,RU,2022-11-12 05:22:00,99,61.15,149.6333,-20.22,1.45,broken clouds
443,Vestmannaeyjar,97,IS,2022-11-12 05:22:01,84,63.4427,-20.2734,47.07,23.42,overcast clouds
444,Caravelas,100,BR,2022-11-12 05:22:01,87,-17.7125,-39.2481,73.26,4.45,overcast clouds
445,Kushima,70,JP,2022-11-12 05:22:01,76,31.4583,131.2333,71.71,8.59,broken clouds
446,Tuatapere,100,NZ,2022-11-12 05:22:02,64,-46.1333,167.6833,58.01,7.7,overcast clouds
447,Hit,83,IQ,2022-11-12 05:22:02,44,33.6416,42.8251,69.19,11.21,broken clouds
448,Kutum,22,SD,2022-11-12 05:22:02,34,14.2,24.6667,61.36,5.53,few clouds
449,Poum,72,NC,2022-11-12 05:22:03,82,-20.2333,164.0167,76.46,17.52,broken clouds
450,Riyadh,45,SA,2022-11-12 05:22:03,29,24.6877,46.7219,73.54,9.04,scattered clouds
451,Bella Vista,100,US,2022-11-12 05:21:11,58,36.4295,-94.2316,36.28,13.8,snow
452,Vaitape,79,PF,2022-11-12 05:22:04,78,-16.5167,-151.75,77.85,7.78,light rain
453,Shaunavon,9,CA,2022-11-12 05:22:04,90,49.6501,-108.4181,15.58,5.97,clear sky
454,Teguise,100,ES,2022-11-12 05:22:04,83,29.0605,-13.564,66.42,8.05,overcast clouds
455,Conceicao Do Mato Dentro,95,BR,2022-11-12 05:22:05,95,-19.0372,-43.425,63.73,1.01,overcast clouds
456,Port Hardy,75,CA,2022-11-12 05:22:05,100,50.6996,-127.4199,37.58,3.44,broken clouds
457,Bartica,32,GY,2022-11-12 05:18:17,99,6.4,-58.6167,75.52,0.6,scattered clouds
458,Vila Velha,20,BR,2022-11-12 05:20:23,90,-20.3297,-40.2925,75.15,6.91,moderate rain
459,Khislavichi,100,RU,2022-11-12 05:22:06,93,54.1871,32.1582,46.63,15.03,overcast clouds
460,Ust-Barguzin,97,RU,2022-11-12 05:22:06,69,53.45,108.9833,28.29,1.3,overcast clouds
461,Erdenet,70,MN,2022-11-12 05:23:06,32,49.0333,104.0833,24.93,4.09,broken clouds
462,Tecolutla,0,MX,2022-11-12 05:23:06,89,20.4833,-97.0167,75.45,9.42,clear sky
463,Iralaya,71,HN,2022-11-12 05:18:19,81,15.0,-83.2333,79.48,5.61,broken clouds
464,Berlevag,75,NO,2022-11-12 05:23:07,93,70.8578,29.0864,37.35,2.3,broken clouds
465,Amahai,99,ID,2022-11-12 05:23:07,72,-3.3333,128.9167,84.94,4.54,overcast clouds
466,Sinop,5,TR,2022-11-12 05:23:08,87,41.7711,34.8709,39.63,5.48,clear sky
467,Pfarrkirchen,100,DE,2022-11-12 05:23:08,77,48.432,12.9381,38.82,1.45,overcast clouds
468,Pevek,95,RU,2022-11-12 05:19:58,100,69.7008,170.3133,-15.47,4.41,overcast clouds
469,Tatawin,62,TN,2022-11-12 05:23:08,91,32.9297,10.4518,57.02,2.42,broken clouds
470,Gat,0,IL,2022-11-12 05:23:08,60,31.61,34.7642,65.39,4.83,clear sky
471,Palu,79,ID,2022-11-12 05:23:09,70,-0.8917,119.8707,87.82,5.12,broken clouds
472,Axim,50,GH,2022-11-12 05:23:09,88,4.8699,-2.2405,76.59,2.57,light rain
473,Zhezkazgan,100,KZ,2022-11-12 05:23:10,93,47.8043,67.7144,26.58,15.66,overcast clouds
474,Pudozh,92,RU,2022-11-12 05:23:10,96,61.8099,36.5345,45.0,7.63,light rain
475,Lamu,43,KE,2022-11-12 05:23:10,77,-2.2717,40.902,82.62,7.96,scattered clouds
476,Hearst,100,CA,2022-11-12 05:23:11,94,49.6835,-83.6665,25.05,12.5,light snow
477,Broome,100,US,2022-11-12 05:23:11,87,42.2506,-75.833,69.91,11.99,light rain
478,Gorontalo,90,ID,2022-11-12 05:23:11,71,0.5412,123.0595,87.33,2.57,overcast clouds
479,Aripuana,100,BR,2022-11-12 05:23:11,98,-9.1667,-60.6333,71.33,2.01,overcast clouds
480,Moyo,100,UG,2022-11-12 05:23:12,89,3.6609,31.7247,66.78,2.01,light rain
481,Lexington,100,US,2022-11-12 05:18:49,82,37.9887,-84.4777,50.0,9.22,overcast clouds
482,Farafangana,4,MG,2022-11-12 05:23:12,69,-22.8167,47.8333,77.49,3.71,clear sky
483,Moyale,73,KE,2022-11-12 05:23:12,57,3.5167,39.0584,73.18,8.03,broken clouds
484,Shymkent,100,KZ,2022-11-12 05:19:44,100,42.3,69.6,34.39,0.0,mist
485,Pasni,3,PK,2022-11-12 05:23:13,56,25.2631,63.471,81.36,6.4,clear sky
486,Toumodi,97,CI,2022-11-12 05:23:13,98,6.5613,-5.0158,71.01,3.22,overcast clouds
487,Turukhansk,95,RU,2022-11-12 05:23:13,100,65.8167,87.9833,-19.12,3.0,overcast clouds
488,Ternate,77,ID,2022-11-12 05:23:14,68,0.8,127.4,85.26,6.13,broken clouds
489,Rio Claro,100,BR,2022-11-12 05:23:14,92,-22.4114,-47.5614,65.23,2.98,overcast clouds
490,Gainesville,100,US,2022-11-12 05:19:26,85,29.6516,-82.3248,68.09,0.0,mist
491,Raga,99,SS,2022-11-12 05:23:14,36,8.4596,25.678,70.45,4.0,overcast clouds
492,Chapeco,92,BR,2022-11-12 05:23:15,90,-27.0964,-52.6183,60.87,4.03,overcast clouds
493,Inuvik,20,CA,2022-11-12 05:23:15,92,68.3499,-133.7218,14.86,8.05,few clouds
494,Sapa,29,PH,2022-11-12 05:23:15,68,5.1544,120.3241,84.83,2.98,scattered clouds
495,Viedma,100,AR,2022-11-12 05:23:16,78,-40.8135,-62.9967,55.85,6.58,overcast clouds
496,Ilulissat,78,GL,2022-11-12 05:23:16,85,69.2167,-51.1,10.42,3.44,broken clouds
497,Namibe,91,AO,2022-11-12 05:23:16,77,-15.1961,12.1522,63.1,8.01,overcast clouds
498,Les Cayes,65,HT,2022-11-12 05:23:17,87,18.2,-73.75,76.69,3.24,broken clouds
499,Port Hawkesbury,100,CA,2022-11-12 05:23:17,98,45.6169,-61.3485,53.19,4.0,mist
500,Liwale,78,TZ,2022-11-12 05:23:17,77,-9.7667,37.9333,72.57,4.99,broken clouds
501,Pacific Grove,40,US,2022-11-12 05:20:44,85,36.6177,-121.9166,51.66,3.44,scattered clouds
502,San Ramon,0,US,2022-11-12 05:23:18,75,37.7799,-121.978,51.1,5.75,clear sky
503,Roma,100,US,2022-11-12 05:19:47,95,43.2128,-75.4557,69.66,5.75,overcast clouds
504,Gushikawa,75,JP,2022-11-12 05:23:18,96,26.3544,127.8686,78.03,12.66,light intensity shower rain
505,Shatrovo,100,RU,2022-11-12 05:23:18,99,56.5167,64.6333,32.86,8.52,light snow
506,Panama City,75,PA,2022-11-12 05:20:44,89,8.9936,-79.5197,78.17,2.3,broken clouds
507,Lensk,100,RU,2022-11-12 05:23:19,91,60.7253,114.9278,24.03,16.44,light snow
508,Arlit,0,NE,2022-11-12 05:24:19,25,18.7369,7.3853,70.56,7.43,clear sky
509,Mount Gambier,100,AU,2022-11-12 05:24:19,96,-37.8333,140.7667,56.86,9.06,overcast clouds
510,Deputatskiy,99,RU,2022-11-12 05:24:20,99,69.3,139.9,-10.05,1.88,overcast clouds
511,Grindavik,75,IS,2022-11-12 05:24:20,93,63.8424,-22.4338,45.07,12.66,light rain
512,Do Gonbadan,100,IR,2022-11-12 05:24:20,77,30.3586,50.7981,64.49,0.0,overcast clouds
513,Black River,85,JM,2022-11-12 05:24:20,86,18.0264,-77.8487,76.87,3.4,overcast clouds
514,Sainte-Suzanne,63,RE,2022-11-12 05:24:21,65,-20.9061,55.6089,82.47,4.61,broken clouds
515,Bucerias,0,MX,2022-11-12 05:21:22,88,20.75,-105.3333,73.38,2.3,clear sky
516,Monywa,11,MM,2022-11-12 05:24:21,52,22.1167,95.1333,82.72,7.18,few clouds
517,Sangmelima,100,CM,2022-11-12 05:24:21,98,2.9333,11.9833,66.09,1.9,overcast clouds
518,Waw,96,SS,2022-11-12 05:24:21,37,7.7029,27.9953,72.7,3.74,overcast clouds
519,Labuhan,97,ID,2022-11-12 05:24:22,66,-6.8844,112.2051,85.64,6.29,overcast clouds
520,Solnechnyy,64,RU,2022-11-12 05:24:22,58,50.7214,136.6319,29.68,2.71,broken clouds
521,Lincoln,75,US,2022-11-12 05:22:42,74,40.8,-96.667,23.54,8.05,broken clouds
522,Salalah,20,OM,2022-11-12 05:21:29,51,17.0151,54.0924,84.29,2.3,few clouds
523,Avera,91,US,2022-11-12 05:24:22,93,33.194,-82.5271,65.71,11.05,overcast clouds
524,Middelkerke,20,BE,2022-11-12 05:24:22,98,51.1558,2.8418,45.45,3.44,mist
525,Ondjiva,100,AO,2022-11-12 05:24:23,35,-17.0667,15.7333,64.56,5.5,overcast clouds
526,Hovd,84,MN,2022-11-12 05:24:23,28,48.0056,91.6419,28.71,2.71,broken clouds
527,Borogontsy,80,RU,2022-11-12 05:24:23,96,62.6683,131.1683,-6.39,4.0,broken clouds
528,San Rafael,41,AR,2022-11-12 05:24:23,67,-34.6177,-68.3301,58.57,7.92,scattered clouds
529,Henties Bay,8,NA,2022-11-12 05:24:24,91,-22.116,14.2845,58.21,6.04,clear sky
530,Melioratorov,100,RU,2022-11-12 05:24:24,100,57.2107,65.6077,37.78,8.95,mist
531,Newport,33,GB,2022-11-12 05:24:24,85,51.5877,-2.9984,52.68,4.76,scattered clouds
532,Qiongshan,75,CN,2022-11-12 05:24:24,83,20.0058,110.3542,78.78,11.18,broken clouds
533,Burns Lake,100,CA,2022-11-12 05:24:25,96,54.2331,-125.7533,9.82,1.99,overcast clouds
534,Soyo,91,AO,2022-11-12 05:24:25,82,-6.1349,12.3689,76.42,6.17,overcast clouds
535,Praia,20,CV,2022-11-12 05:24:25,78,14.9215,-23.5087,73.94,11.5,few clouds
536,Penalva,44,BR,2022-11-12 05:24:26,97,-3.2942,-45.1736,73.81,2.48,scattered clouds
537,Gari,73,RU,2022-11-12 05:24:26,95,59.4307,62.3497,26.74,2.44,broken clouds
538,Okahandja,1,NA,2022-11-12 05:24:26,32,-21.9833,16.9167,59.94,5.01,clear sky
539,Buraydah,100,SA,2022-11-12 05:22:43,43,26.326,43.975,66.65,4.43,overcast clouds
540,Sao Joao Da Barra,64,BR,2022-11-12 05:24:26,93,-21.6403,-41.0511,73.22,13.53,light rain
541,Gigmoto,80,PH,2022-11-12 05:24:27,72,13.7796,124.39,85.62,6.96,broken clouds
542,Mineiros,94,BR,2022-11-12 05:24:27,90,-17.5694,-52.5511,66.04,2.68,light rain
543,Los Andes,99,CL,2022-11-12 05:24:27,79,-32.8337,-70.5983,51.22,0.87,overcast clouds
544,Vostok,97,RU,2022-11-12 05:24:27,80,46.4856,135.8833,33.3,3.13,snow
545,Pervomayskoye,98,RU,2022-11-12 05:24:28,87,43.919,46.7102,49.64,2.75,overcast clouds
546,Amuntai,99,ID,2022-11-12 05:24:28,73,-2.4177,115.2494,85.98,3.13,overcast clouds
547,Brufut,0,GM,2022-11-12 05:24:28,94,13.3814,-16.7518,71.69,2.3,clear sky
548,Kedrovyy,98,RU,2022-11-12 05:24:28,73,56.1667,91.8167,30.87,10.4,overcast clouds
549,Dabakala,85,CI,2022-11-12 05:24:29,90,8.3667,-4.4333,73.33,2.84,overcast clouds
550,Nueve De Julio,100,AR,2022-11-12 05:24:29,83,-35.4444,-60.8831,63.97,5.01,light rain
551,Gorodets,100,RU,2022-11-12 05:24:29,92,56.6514,43.475,45.59,14.52,overcast clouds
552,Amot,44,NO,2022-11-12 05:24:30,83,59.5714,7.9877,48.76,4.9,scattered clouds
553,Kaseda,16,JP,2022-11-12 05:24:30,65,31.4167,130.3167,75.31,15.32,few clouds
554,Staryy Nadym,40,RU,2022-11-12 05:24:30,84,65.6118,72.6842,-3.12,14.63,scattered clouds
555,Lander,0,US,2022-11-12 05:21:08,63,42.833,-108.7307,36.19,5.75,clear sky
556,Punta Alta,75,AR,2022-11-12 05:24:30,77,-38.8759,-62.0736,57.97,9.22,broken clouds
557,Nelson Bay,34,AU,2022-11-12 05:22:30,89,-32.7167,152.15,77.05,10.0,scattered clouds
558,College,100,US,2022-11-12 05:25:31,92,64.8569,-147.8028,25.59,3.44,overcast clouds
559,Tigil,99,RU,2022-11-12 05:25:31,92,57.8,158.6667,14.56,4.92,overcast clouds
560,Santiago De Cao,100,PE,2022-11-12 05:25:31,88,-7.9589,-79.2392,60.93,11.5,fog
561,Katangli,45,RU,2022-11-12 05:25:32,69,51.7102,143.2326,28.99,8.12,scattered clouds
562,Talikota,92,IN,2022-11-12 05:25:32,42,16.4833,76.3167,79.77,15.68,overcast clouds
563,Yazoo City,87,US,2022-11-12 05:25:32,88,32.8551,-90.4056,60.71,7.9,overcast clouds
564,Paducah,100,US,2022-11-12 05:24:19,61,37.0834,-88.6001,44.29,12.66,overcast clouds
565,Wajima,0,JP,2022-11-12 05:25:32,52,37.4,136.9,70.48,10.36,clear sky
566,Mbala,52,ZM,2022-11-12 05:25:33,66,-8.8402,31.3659,66.43,4.18,broken clouds
567,Tshela,100,CD,2022-11-12 05:25:33,98,-4.9833,12.9333,71.91,0.69,overcast clouds
568,Santa Rosa,75,PH,2022-11-12 05:25:33,70,14.3122,121.1114,80.58,11.92,broken clouds
569,Sorrento,0,IT,2022-11-12 05:25:33,73,40.626,14.3744,62.26,4.61,clear sky
570,Mildura,100,AU,2022-11-12 05:25:34,75,-34.2,142.15,76.06,14.56,light rain
571,Casper,0,US,2022-11-12 05:23:10,68,42.8666,-106.3131,23.59,14.97,clear sky
572,Krasne,100,UA,2022-11-12 05:25:34,87,49.9145,24.6134,43.92,5.1,overcast clouds
573,Isangel,100,VU,2022-11-12 05:25:34,74,-19.55,169.2667,82.51,5.75,overcast clouds
574,Porbandar,1,IN,2022-11-12 05:25:34,25,21.6422,69.6093,89.58,12.66,clear sky
575,Nishihara,100,JP,2022-11-12 05:25:35,95,26.1842,127.7558,78.08,17.27,light intensity shower rain
576,Charlestown,51,AU,2022-11-12 05:25:35,64,-32.95,151.6667,76.78,6.64,broken clouds
577,Umm Kaddadah,63,SD,2022-11-12 05:25:35,29,13.6017,26.6876,67.19,12.8,broken clouds
578,Changli,100,CN,2022-11-12 05:25:35,70,39.7042,119.1506,41.02,13.24,overcast clouds
579,Tianpeng,100,CN,2022-11-12 05:25:36,79,30.9866,103.9393,57.67,5.99,overcast clouds
580,Vohibinany,43,MG,2022-11-12 05:25:36,54,-17.35,49.0333,77.41,3.67,scattered clouds
581,Katsuura,12,JP,2022-11-12 05:25:36,64,35.1333,140.3,69.93,5.28,few clouds
582,Malinovoye Ozero,100,RU,2022-11-12 05:25:37,94,51.6753,79.7825,30.09,15.64,snow
583,Bairiki,20,KI,2022-11-12 05:25:37,70,1.3292,172.9752,84.2,11.5,few clouds
584,Havre-Saint-Pierre,100,CA,2022-11-12 05:25:37,93,50.2334,-63.5986,26.6,11.5,overcast clouds
585,Sampit,81,ID,2022-11-12 05:25:37,48,-2.5333,112.95,93.56,2.55,broken clouds
586,Willowmore,1,ZA,2022-11-12 05:25:38,66,-33.2926,23.4895,68.61,5.91,clear sky
587,Klyuchi,100,RU,2022-11-12 05:25:38,95,52.2667,79.1667,30.97,17.76,light snow
588,Caruray,74,PH,2022-11-12 05:23:21,72,10.3094,119.0128,87.17,9.01,broken clouds
589,Comodoro Rivadavia,75,AR,2022-11-12 05:23:16,100,-45.8667,-67.5,53.46,6.91,light rain
590,Makakilo City,0,US,2022-11-12 05:25:38,65,21.3469,-158.0858,74.68,8.05,clear sky
591,Yuryevets,100,RU,2022-11-12 05:25:38,92,57.3201,43.1041,46.02,14.27,overcast clouds
592,Mareeba,35,AU,2022-11-12 05:25:39,57,-17.0,145.4333,87.44,9.57,scattered clouds
593,Zonguldak,100,TR,2022-11-12 05:25:39,78,41.25,31.8333,41.86,4.0,overcast clouds
594,Sale,0,MA,2022-11-12 05:25:39,100,34.0389,-6.8166,67.64,3.44,clear sky
595,Muros,10,ES,2022-11-12 05:25:39,70,42.7762,-9.0603,56.68,7.34,clear sky
596,Manaure,97,CO,2022-11-12 05:25:40,84,11.7751,-72.4445,79.16,4.21,overcast clouds
597,Eenhana,77,NA,2022-11-12 05:25:40,32,-17.4667,16.3333,64.45,5.46,broken clouds
598,Coquimbo,0,CL,2022-11-12 05:25:40,87,-29.9533,-71.3436,55.13,2.3,clear sky
599,Nanortalik,100,GL,2022-11-12 05:25:40,85,60.1432,-45.2371,26.8,8.43,overcast clouds
600,Waraseoni,78,IN,2022-11-12 05:25:41,46,21.75,80.0333,78.17,5.17,broken clouds
601,Na Wa,32,TH,2022-11-12 05:25:41,49,17.4897,104.1006,91.44,3.98,scattered clouds
602,Garmsar,100,IR,2022-11-12 05:25:41,30,35.2182,52.3409,59.86,2.93,overcast clouds
603,Port Jervis,100,US,2022-11-12 05:25:41,93,41.3751,-74.6927,70.63,12.33,overcast clouds
604,Kurri Kurri,65,AU,2022-11-12 05:25:42,67,-32.8167,151.4833,83.89,7.43,light rain
605,Chulman,79,RU,2022-11-12 05:26:42,86,56.8479,124.9104,13.6,5.17,broken clouds
606,Jardim,44,BR,2022-11-12 05:26:42,92,-21.4803,-56.1381,68.79,5.3,scattered clouds
607,Constantine,0,DZ,2022-11-12 05:26:42,93,36.365,6.6147,49.41,2.3,clear sky
608,Marhaura,0,IN,2022-11-12 05:26:43,33,25.9667,84.8667,76.93,9.33,clear sky
609,Cristobal Obregon,20,MX,2022-11-12 05:26:43,97,16.35,-93.5333,66.76,2.66,few clouds
610,Marrakesh,0,MA,2022-11-12 05:24:20,54,31.6315,-8.0083,57.27,4.61,clear sky
611,Khandyga,100,RU,2022-11-12 05:26:43,95,62.6667,135.6,-0.51,4.9,overcast clouds
612,Dutse,90,NG,2022-11-12 05:26:43,31,11.7594,9.3392,68.13,5.5,overcast clouds
613,Sirsilla,33,IN,2022-11-12 05:26:44,45,18.3833,78.8333,79.03,11.01,scattered clouds
614,Moree,100,AU,2022-11-12 05:26:44,39,-29.4667,149.85,85.93,5.14,overcast clouds
615,Aranda De Duero,28,ES,2022-11-12 05:26:44,91,41.6704,-3.6892,49.3,12.33,scattered clouds
616,Sakaiminato,20,JP,2022-11-12 05:26:44,50,35.55,133.2333,75.18,3.44,few clouds
617,Lisakovsk,100,KZ,2022-11-12 05:26:45,90,52.5369,62.4936,35.82,21.77,overcast clouds
618,Kazanskoye,100,RU,2022-11-12 05:26:45,100,55.6448,69.235,33.93,10.8,overcast clouds
619,Aswan,0,EG,2022-11-12 05:26:45,32,24.0934,32.907,66.96,10.02,clear sky
620,Atambua,53,ID,2022-11-12 05:26:45,65,-9.1061,124.8925,83.82,4.18,broken clouds
621,Marzuq,0,YE,2022-11-12 05:26:46,41,14.4,46.4667,70.11,1.16,clear sky
622,Houston,100,US,2022-11-12 05:23:23,86,29.7633,-95.3633,51.96,19.57,mist
623,Harrisonville,30,US,2022-11-12 05:26:46,71,38.6533,-94.3488,28.78,8.93,scattered clouds
624,Skibbereen,100,IE,2022-11-12 05:26:46,97,51.55,-9.2667,58.1,16.37,overcast clouds
625,Milledgeville,100,US,2022-11-12 05:26:46,93,33.0801,-83.2321,66.69,4.61,overcast clouds
626,Majene,100,ID,2022-11-12 05:26:47,66,-3.5403,118.9707,86.31,5.7,overcast clouds
627,Chiang Rai,20,TH,2022-11-12 05:26:47,55,19.9167,99.9167,87.3,5.75,few clouds
628,Nalut,17,LY,2022-11-12 05:26:47,72,30.3333,10.85,55.45,10.0,few clouds
629,Naze,100,JP,2022-11-12 05:26:47,90,28.3667,129.4833,74.32,18.97,light rain
630,Podor,81,MR,2022-11-12 05:26:48,12,16.6527,-14.9587,77.97,9.35,broken clouds
631,Yunyang,100,CN,2022-11-12 05:25:05,58,33.4474,112.7142,55.89,6.17,overcast clouds
632,Chambersburg,99,US,2022-11-12 05:26:48,94,39.9376,-77.6611,70.74,15.01,heavy intensity rain
633,Nyurba,100,RU,2022-11-12 05:26:48,94,63.2842,118.3319,16.79,7.56,light snow
634,Tutoia,85,BR,2022-11-12 05:26:48,79,-2.7619,-42.2744,78.76,10.89,overcast clouds
635,Palafrugell,29,ES,2022-11-12 05:26:49,11,41.9174,3.1631,61.56,4.59,scattered clouds
636,Donghai,6,CN,2022-11-12 05:26:49,59,22.9459,115.642,83.44,4.72,clear sky
637,Evensk,100,RU,2022-11-12 05:26:49,91,61.95,159.2333,18.43,1.48,overcast clouds
638,Saveh,100,IR,2022-11-12 05:26:49,33,35.0213,50.3566,57.72,1.12,overcast clouds
639,Owando,100,CG,2022-11-12 05:26:50,99,-0.4819,15.8999,69.31,1.16,overcast clouds
640,Havelock,100,US,2022-11-12 05:26:50,87,34.8791,-76.9013,76.98,26.46,overcast clouds
641,Ozernovskiy,100,RU,2022-11-12 05:26:50,62,51.5,156.5167,34.79,20.89,overcast clouds
642,Baculin,100,PH,2022-11-12 05:26:50,74,7.4525,126.5842,84.33,7.09,overcast clouds
643,Kahului,20,US,2022-11-12 05:26:51,68,20.8947,-156.47,77.02,16.11,few clouds
644,Garowe,17,SO,2022-11-12 05:26:51,53,8.4054,48.4845,76.78,11.3,few clouds
645,Xining,100,CN,2022-11-12 05:26:51,73,36.6167,101.7667,32.68,2.77,overcast clouds
646,Beaverlodge,99,CA,2022-11-12 05:26:51,82,55.2166,-119.4361,31.35,8.25,overcast clouds
647,Kamphaeng Phet,95,TH,2022-11-12 05:26:52,63,16.25,99.5,83.64,6.04,overcast clouds
648,Priladozhskiy,100,RU,2022-11-12 05:26:52,1,59.85,31.4833,50.54,14.2,overcast clouds
649,Dhidhdhoo,100,MV,2022-11-12 05:26:02,72,6.8833,73.1,81.34,4.47,overcast clouds
650,Roebourne,0,AU,2022-11-12 05:26:52,23,-20.7833,117.1333,88.74,14.76,clear sky
651,Srandakan,89,ID,2022-11-12 05:26:52,72,-7.9386,110.2506,83.79,7.63,overcast clouds
652,Upata,96,VE,2022-11-12 05:26:53,98,8.0086,-62.3989,73.18,3.6,overcast clouds
653,Kuito,99,AO,2022-11-12 05:26:53,85,-12.3833,16.9333,61.66,3.04,light rain
654,Orange,0,US,2022-11-12 05:27:53,45,33.7,-117.7675,60.49,0.0,clear sky
655,Puerto Baquerizo Moreno,86,EC,2022-11-12 05:27:53,75,-0.9,-89.6,67.42,10.27,overcast clouds
656,Sfantu Gheorghe,82,RO,2022-11-12 05:27:54,91,45.8667,25.7833,41.94,0.94,broken clouds
657,Brisbane,0,AU,2022-11-12 05:25:38,63,-27.4679,153.0281,87.69,18.41,clear sky
658,Cedral,1,MX,2022-11-12 05:27:54,33,23.8,-100.7333,64.71,7.02,clear sky
659,Sangar,97,RU,2022-11-12 05:27:54,95,63.9242,127.4739,-11.4,4.94,overcast clouds
660,Dingle,94,PH,2022-11-12 05:27:54,73,10.9995,122.6711,86.07,11.9,overcast clouds
661,Sistranda,93,NO,2022-11-12 05:27:55,83,63.7256,8.834,49.96,34.38,overcast clouds
662,Maun,75,BW,2022-11-12 05:27:55,100,-19.9833,23.4167,69.76,3.44,broken clouds
663,Araure,100,VE,2022-11-12 05:27:55,94,9.5601,-69.2148,72.79,2.82,overcast clouds
664,Strezhevoy,100,RU,2022-11-12 05:27:55,95,60.7333,77.5889,25.59,9.64,overcast clouds
665,Kuzino,100,RU,2022-11-12 05:27:56,98,57.0224,59.4412,32.92,7.09,overcast clouds
666,Lebork,100,PL,2022-11-12 05:27:56,91,54.5392,17.7501,53.92,12.77,overcast clouds
667,Auki,100,SB,2022-11-12 05:27:56,92,-8.7676,160.7034,77.38,2.39,overcast clouds
668,Khorinsk,96,RU,2022-11-12 05:27:56,63,52.1657,109.7726,25.05,3.65,overcast clouds
669,Padang,100,ID,2022-11-12 05:27:57,82,-0.9492,100.3543,82.45,4.05,overcast clouds
670,Aldan,100,RU,2022-11-12 05:27:57,87,58.6031,125.3894,14.63,11.14,overcast clouds
671,Aykhal,100,RU,2022-11-12 05:27:57,96,66.0,111.5,6.22,4.65,light snow
672,Slyudyanka,64,RU,2022-11-12 05:27:57,57,51.6594,103.7061,33.01,1.48,broken clouds
673,Talcahuano,100,CL,2022-11-12 05:27:58,94,-36.7167,-73.1167,55.08,14.97,overcast clouds
674,North Bend,100,US,2022-11-12 05:27:58,100,43.4065,-124.2243,46.85,10.36,overcast clouds
675,Raudeberg,85,NO,2022-11-12 05:27:58,7,61.9875,5.1352,50.67,23.62,overcast clouds
676,Ust-Kuyga,99,RU,2022-11-12 05:27:58,100,70.0167,135.6,-10.93,0.94,overcast clouds
677,Manokwari,100,ID,2022-11-12 05:27:59,91,-0.8667,134.0833,76.82,4.81,overcast clouds
678,Chilca,30,PE,2022-11-12 05:23:12,90,-12.5211,-76.7372,63.01,5.91,scattered clouds
679,Sassandra,100,CI,2022-11-12 05:27:59,94,4.95,-6.0833,74.46,5.08,light rain
680,Ambon,40,ID,2022-11-12 05:27:59,70,-3.6954,128.1814,86.14,3.44,scattered clouds
681,Arrecife,100,ES,2022-11-12 05:27:59,83,28.963,-13.5477,69.78,8.05,overcast clouds
682,Sorland,100,NO,2022-11-12 05:25:36,74,67.667,12.6934,44.46,31.34,overcast clouds
683,Vila,5,PT,2022-11-12 05:28:00,86,42.0304,-8.1588,45.48,4.74,clear sky
684,Okhotsk,5,RU,2022-11-12 05:28:00,68,59.3833,143.3,8.33,10.54,clear sky
685,Buala,100,SB,2022-11-12 05:25:11,83,-8.145,159.5921,80.04,2.89,light rain
686,Salta,40,AR,2022-11-12 05:28:00,61,-24.7859,-65.4117,70.39,2.3,scattered clouds
687,El Tigre,96,VE,2022-11-12 05:28:01,90,8.8875,-64.2454,73.58,8.43,overcast clouds
688,Amazar,6,RU,2022-11-12 05:28:01,51,53.858,120.875,22.84,3.87,clear sky
689,Carutapera,18,BR,2022-11-12 05:28:01,86,-1.195,-46.02,77.04,4.34,few clouds
690,Vega De Alatorre,0,MX,2022-11-12 05:28:01,84,20.0333,-96.6333,75.99,9.37,clear sky
691,Skelleftea,78,SE,2022-11-12 05:28:02,92,64.7507,20.9528,46.99,13.8,broken clouds
692,Dwarka,4,IN,2022-11-12 05:28:02,42,22.2394,68.9678,84.6,11.74,clear sky
693,Lumberton,100,US,2022-11-12 05:28:02,94,34.6182,-79.0086,71.46,12.66,overcast clouds
694,Glendive,0,US,2022-11-12 05:28:03,83,47.1053,-104.7125,1.18,1.01,mist
695,Eastbourne,94,GB,2022-11-12 05:28:03,87,50.7687,0.2845,56.71,9.01,overcast clouds
696,Kirensk,100,RU,2022-11-12 05:28:03,80,57.7853,108.1119,28.09,14.16,overcast clouds
697,Slavgorodskoye,100,RU,2022-11-12 05:28:04,96,53.0214,78.6435,31.41,17.58,light snow
698,Kargasok,99,RU,2022-11-12 05:29:04,93,59.0556,80.8572,26.2,8.7,overcast clouds
699,Dosso,23,NE,2022-11-12 05:29:04,28,13.049,3.1937,77.07,10.27,few clouds
700,Maler Kotla,0,IN,2022-11-12 05:29:04,26,30.5167,75.8833,75.06,7.54,clear sky
701,Susanville,0,US,2022-11-12 05:29:05,91,40.4163,-120.653,28.81,1.01,clear sky
702,Paita,93,PE,2022-11-12 05:29:05,90,-5.0892,-81.1144,61.63,7.31,overcast clouds
703,Kununurra,40,AU,2022-11-12 05:29:05,32,-15.7667,128.7333,102.18,8.05,scattered clouds
